{"cameraMode":{"drawMode":0,"name":"Shaded","section":"Shading Mode"},"sceneLighting":true,"audioPlay":false,"sceneViewState":{"showFog":true,"showMaterialUpdate":false,"showSkybox":true,"showFlares":true,"showImageEffects":true,"showParticleSystems":true},"in2DMode":false,"pivot":{"x":-0.9610974192619324,"y":-4.005846977233887,"z":-5.102893352508545},"rotation":{"x":-0.08421715348958969,"y":0.9078565239906311,"z":-0.3463919758796692,"w":-0.22072488069534303},"size":5.395874977111816,"orthographic":true}